{
    "name": "Pluralsight",
    "dataColors": ["#F15B2A", "#2A9FBC", "#A62E5C", "#9BC850", "#675BA7", "#0E5C6F", "#23C98E", "#F91F41"],
    "background":"#FFFFFF",
    "foreground": "#A62E5C",
    "tableAccent": "#A62E5C",
    "tiles": {
        "background": "#ffffff",
        "color": "#000000"
    },    
    "visualStyles": {
        "*": {
            "*": {
                "valueAxis": [
                    {
                        "labelColor": { "solid": { "color": "#000000"}},
					    "fontSize": 30,
                        "fontFamily": "Courier New"
                    }
                ],
                "categoryAxis":[
                    {
                        "labelColor": { "solid": { "color": "#000000"}},
					    "fontSize": 30,
                        "fontFamily": "Courier New"
                    }
                ]
            }
        },
        "areaChart":{
            "*":{
                "valueAxis": [
                    {
                        "labelColor": { "solid": { "color": "#F15B2A"}},
                        "fontSize": 10,
                        "fontFamily": "Arial"
                    }
                ]
            }
        }
    }
}