[{"LocationId":1,"City":"Miami","State":"Florida","Lat":"25.761681","Lon":"-80.191788","ManagerId":1},{"LocationId":2,"City":"Seattle","State":"Washington","Lat":"47.606209","Lon":"-122.332069","ManagerId":2},{"LocationId":3,"City":"Houston","State":"Texas","Lat":"29.760427","Lon":"-95.369804","ManagerId":3},{"LocationId":4,"City":"Denver","State":"Colorado","Lat":"39.739235","Lon":"-104.990250","ManagerId":4},{"LocationId":5,"City":"Baltimore","State":"Maryland","Lat":"39.290440","Lon":"-76.612328","ManagerId":5},{"LocationId":6,"City":"Atlanta","State":"Georgia","Lat":"33.748997","Lon":"-84.387985","ManagerId":1},{"LocationId":7,"City":"Portland","State":"Oregon","Lat":"45.516022","Lon":"-122.681427","ManagerId":2},{"LocationId":8,"City":"Memphis","State":"Tennessee","Lat":"35.143380","Lon":"-90.052140","ManagerId":3},{"LocationId":9,"City":"Salt Lake City","State":"Utah","Lat":"40.758480","Lon":"-111.888140","ManagerId":4},{"LocationId":10,"City":"Cincinnati","State":"Ohio","Lat":"39.103700","Lon":"-84.513610","ManagerId":5}]