[{"ProductCode":"t-0101x","Category":"Televisions","RetailPrice":3500.0,"CostPrice":1050.0},{"ProductCode":"t-0122x","Category":"Televisions","RetailPrice":3050.5,"CostPrice":915.15},{"ProductCode":"t-0133x","Category":"Televisions","RetailPrice":3000.9,"CostPrice":1800.54},{"ProductCode":"t-0144x","Category":"Televisions","RetailPrice":2900.0,"CostPrice":1740.0},{"ProductCode":"t-0155x","Category":"Televisions","RetailPrice":2200.0,"CostPrice":660.0},{"ProductCode":"t-0166x","Category":"Televisions","RetailPrice":1800.75,"CostPrice":696.92},{"ProductCode":"t-0177x","Category":"Televisions","RetailPrice":1760.75,"CostPrice":751.0},{"ProductCode":"t-0188x","Category":"Televisions","RetailPrice":1600.5,"CostPrice":960.3},{"ProductCode":"t-0199x","Category":"Televisions","RetailPrice":1545.5,"CostPrice":463.65},{"ProductCode":"t-0211x","Category":"Televisions","RetailPrice":1200.2,"CostPrice":720.12},{"ProductCode":"t-0222x","Category":"Televisions","RetailPrice":1150.5,"CostPrice":690.3},{"ProductCode":"l-0201s","Category":"Laptop-Computer","RetailPrice":5500.0,"CostPrice":3300.0},{"ProductCode":"l-0211s","Category":"Laptop-Computer","RetailPrice":5400.0,"CostPrice":3240.0},{"ProductCode":"l-0221s","Category":"Laptop-Computer","RetailPrice":3275.5,"CostPrice":1965.3},{"ProductCode":"l-0231s","Category":"Laptop-Computer","RetailPrice":2200.8,"CostPrice":660.24},{"ProductCode":"l-0241s","Category":"Laptop-Computer","RetailPrice":2150.2,"CostPrice":645.06},{"ProductCode":"l-0251s","Category":"Laptop-Computer","RetailPrice":1910.99,"CostPrice":1146.59},{"ProductCode":"l-0261s","Category":"Laptop-Computer","RetailPrice":1600.5,"CostPrice":960.3},{"ProductCode":"l-0271s","Category":"Laptop-Computer","RetailPrice":1570.5,"CostPrice":683.4},{"ProductCode":"l-0281s","Category":"Laptop-Computer","RetailPrice":1520.55,"CostPrice":501.25},{"ProductCode":"l-0291s","Category":"Laptop-Computer","RetailPrice":1200.0,"CostPrice":720.0},{"ProductCode":"l-0301s","Category":"Laptop-Computer","RetailPrice":1120.0,"CostPrice":672.0},{"ProductCode":"l-0401s","Category":"Laptop-Computer","RetailPrice":900.5,"CostPrice":270.15},{"ProductCode":"l-0451s","Category":"Laptop-Computer","RetailPrice":700.0,"CostPrice":420.0},{"ProductCode":"a-0321t","Category":"Audio-Equipment","RetailPrice":4049.99,"CostPrice":2429.99},{"ProductCode":"a-0341t","Category":"Audio-Equipment","RetailPrice":3400.7,"CostPrice":1083.49},{"ProductCode":"a-0351t","Category":"Audio-Equipment","RetailPrice":3200.0,"CostPrice":960.0},{"ProductCode":"a-0361t","Category":"Audio-Equipment","RetailPrice":2900.9,"CostPrice":1207.96},{"ProductCode":"a-0381t","Category":"Audio-Equipment","RetailPrice":2900.0,"CostPrice":870.0},{"ProductCode":"a-0391t","Category":"Audio-Equipment","RetailPrice":2500.0,"CostPrice":1052.71},{"ProductCode":"a-0401t","Category":"Audio-Equipment","RetailPrice":2200.0,"CostPrice":736.75},{"ProductCode":"a-0431t","Category":"Audio-Equipment","RetailPrice":2100.8,"CostPrice":630.24},{"ProductCode":"a-0501t","Category":"Audio-Equipment","RetailPrice":1800.75,"CostPrice":1080.45},{"ProductCode":"a-0551t","Category":"Audio-Equipment","RetailPrice":1400.75,"CostPrice":420.22},{"ProductCode":"a-0651t","Category":"Audio-Equipment","RetailPrice":1150.5,"CostPrice":690.3},{"ProductCode":"a-0751t","Category":"Audio-Equipment","RetailPrice":900.0,"CostPrice":270.0},{"ProductCode":"a-0851t","Category":"Audio-Equipment","RetailPrice":750.5,"CostPrice":344.04},{"ProductCode":"a-1951t","Category":"Audio-Equipment","RetailPrice":550.99,"CostPrice":165.3},{"ProductCode":"c-0321r","Category":"Computer-Components","RetailPrice":180.0,"CostPrice":108.0},{"ProductCode":"c-0331r","Category":"Computer-Components","RetailPrice":175.0,"CostPrice":101.73},{"ProductCode":"c-0341r","Category":"Computer-Components","RetailPrice":172.0,"CostPrice":51.6},{"ProductCode":"c-0351r","Category":"Computer-Components","RetailPrice":164.0,"CostPrice":90.84},{"ProductCode":"c-0361r","Category":"Computer-Components","RetailPrice":160.0,"CostPrice":96.0},{"ProductCode":"c-0371r","Category":"Computer-Components","RetailPrice":145.0,"CostPrice":85.46},{"ProductCode":"c-0381r","Category":"Computer-Components","RetailPrice":144.0,"CostPrice":86.4},{"ProductCode":"c-0391r","Category":"Computer-Components","RetailPrice":135.0,"CostPrice":45.92},{"ProductCode":"c-0401r","Category":"Computer-Components","RetailPrice":120.0,"CostPrice":72.0},{"ProductCode":"c-0411r","Category":"Computer-Components","RetailPrice":115.5,"CostPrice":34.65},{"ProductCode":"c-0421r","Category":"Computer-Components","RetailPrice":115.0,"CostPrice":34.5},{"ProductCode":"c-0431r","Category":"Computer-Components","RetailPrice":109.99,"CostPrice":65.99},{"ProductCode":"c-0441r","Category":"Computer-Components","RetailPrice":95.0,"CostPrice":46.62},{"ProductCode":"c-0451r","Category":"Computer-Components","RetailPrice":90.0,"CostPrice":54.0},{"ProductCode":"c-0551r","Category":"Computer-Components","RetailPrice":88.2,"CostPrice":26.46},{"ProductCode":"c-0651r","Category":"Computer-Components","RetailPrice":86.0,"CostPrice":51.6},{"ProductCode":"c-0751r","Category":"Computer-Components","RetailPrice":85.0,"CostPrice":51.0},{"ProductCode":"c-1851r","Category":"Computer-Components","RetailPrice":75.99,"CostPrice":45.59},{"ProductCode":"c-1386r","Category":"Computer-Components","RetailPrice":75.0,"CostPrice":45.0},{"ProductCode":"c-1387r","Category":"Computer-Components","RetailPrice":72.0,"CostPrice":43.2},{"ProductCode":"c-1388r","Category":"Computer-Components","RetailPrice":70.25,"CostPrice":42.15},{"ProductCode":"c-1390r","Category":"Computer-Components","RetailPrice":68.5,"CostPrice":41.1},{"ProductCode":"c-1400r","Category":"Computer-Components","RetailPrice":65.95,"CostPrice":20.89},{"ProductCode":"c-1451r","Category":"Computer-Components","RetailPrice":65.0,"CostPrice":19.5},{"ProductCode":"c-1481r","Category":"Computer-Components","RetailPrice":64.0,"CostPrice":29.13},{"ProductCode":"c-1501r","Category":"Computer-Components","RetailPrice":62.9,"CostPrice":37.74},{"ProductCode":"c-1551r","Category":"Computer-Components","RetailPrice":55.75,"CostPrice":28.98},{"ProductCode":"c-1601r","Category":"Computer-Components","RetailPrice":40.5,"CostPrice":19.55},{"ProductCode":"c-1701r","Category":"Computer-Components","RetailPrice":38.5,"CostPrice":23.1},{"ProductCode":"c-1801r","Category":"Computer-Components","RetailPrice":35.9,"CostPrice":19.15},{"ProductCode":"ca-0311z","Category":"Cables-Accessories","RetailPrice":99.99,"CostPrice":30.0},{"ProductCode":"ca-0321z","Category":"Cables-Accessories","RetailPrice":99.9,"CostPrice":59.94},{"ProductCode":"ca-0331z","Category":"Cables-Accessories","RetailPrice":95.5,"CostPrice":57.3},{"ProductCode":"ca-0341z","Category":"Cables-Accessories","RetailPrice":92.75,"CostPrice":55.65},{"ProductCode":"ca-0351z","Category":"Cables-Accessories","RetailPrice":92.5,"CostPrice":27.75},{"ProductCode":"ca-0361z","Category":"Cables-Accessories","RetailPrice":89.99,"CostPrice":53.99},{"ProductCode":"ca-0371z","Category":"Cables-Accessories","RetailPrice":85.0,"CostPrice":25.5},{"ProductCode":"ca-0381z","Category":"Cables-Accessories","RetailPrice":82.1,"CostPrice":24.63},{"ProductCode":"ca-0391z","Category":"Cables-Accessories","RetailPrice":76.6,"CostPrice":45.96},{"ProductCode":"ca-0401z","Category":"Cables-Accessories","RetailPrice":75.4,"CostPrice":45.24},{"ProductCode":"ca-0421z","Category":"Cables-Accessories","RetailPrice":75.0,"CostPrice":45.0},{"ProductCode":"ca-0431z","Category":"Cables-Accessories","RetailPrice":62.9,"CostPrice":22.42},{"ProductCode":"ca-0444z","Category":"Cables-Accessories","RetailPrice":59.9,"CostPrice":21.35},{"ProductCode":"ca-0445z","Category":"Cables-Accessories","RetailPrice":55.9,"CostPrice":33.54},{"ProductCode":"ca-0446z","Category":"Cables-Accessories","RetailPrice":50.1,"CostPrice":15.03},{"ProductCode":"ca-0460z","Category":"Cables-Accessories","RetailPrice":48.8,"CostPrice":19.64},{"ProductCode":"ca-0480z","Category":"Cables-Accessories","RetailPrice":45.75,"CostPrice":27.45},{"ProductCode":"ca-0490z","Category":"Cables-Accessories","RetailPrice":44.8,"CostPrice":26.88},{"ProductCode":"ca-0491z","Category":"Cables-Accessories","RetailPrice":42.5,"CostPrice":12.75},{"ProductCode":"ca-0492z","Category":"Cables-Accessories","RetailPrice":40.5,"CostPrice":12.15},{"ProductCode":"ca-0394z","Category":"Cables-Accessories","RetailPrice":30.5,"CostPrice":9.15}]